ID,NOMBRE_SHUFFLE,KHI2_DISTRIB_CALC,KHI2_DISTRIB_THEO,KHI2_DISTRIB_SUCC,KHI2_INDEP_CALC,KHI2_INDEP_THEO,KHI2_INDEP_SUCC
1,400.0,104.564,27.2035710295771,false,309.92480547738904,436.64898505457757,true
2,400.0,101.7615,27.2035710295771,false,309.4125187859631,436.64898505457757,true
3,400.0,100.51700000000001,27.2035710295771,false,304.936958610054,436.64898505457757,true
4,400.0,98.6968,27.2035710295771,false,329.12018698124933,436.64898505457757,true
5,400.0,105.80279999999998,27.2035710295771,false,326.8930445223587,436.64898505457757,true
